title,ADJ,ADP,ADV,AUX,CCONJ,DET,NOUN,NUM,PRON,SCONJ,VERB,Imp,Perf,Prosp,Sub,Imperative,Indicative,Plur,Sing,1,2,3,Fut,Past,Pqp,Pres,Fin,Inf,Part,Act,Pass,Abl,Acc,Dat,Gen,Loc,Nom,Con,Dem,Ind,Int,Prs,Rel,Tot,Fem,Masc,Neut
gallic_1,67.42476453020906,80.97863542384563,53.2965770732828,24.92533884677234,57.661382954284406,62.6005053985757,271.30714449804736,8.385021824029405,79.0259591086607,45.60073512520101,201.35538708936366,134.39007580978637,85.2285779921893,6.66207213416035,50.1952676315185,0,69.03285090742017,238.9156903285091,396.3932919825408,0.45945325063174824,0.3445899379738112,169.30852285779923,0.3445899379738112,77.99218929473926,6.891798759476224,33.99954054674937,119.3429818515966,51.11417413278199,55.82356995175741,129.2212267401792,72.13416034918447,150.47093958189754,180.1056742476453,19.641626464507237,61.6815988973122,0,122.4442912933609,4.824259131633356,21.594302779692168,11.830921203767517,1.95267631518493,67.76935446818287,43.87778543533196,9.763381575924651,151.504709395819,253.5033310360671,110.49850677693546
gallic_2,66.39748766262899,92.64244055630328,42.84432480933154,21.310004486316735,65.05159264244055,70.21085688649619,286.6756393001346,13.010318528488112,64.15432929564828,34.54463885150292,199.19246298788696,116.19560340960072,94.43696724988784,9.86989681471512,37.90937640197398,0,73.12696276357111,321.8932256617317,329.29564827276806,2.018842530282638,0.2243158366980709,144.45939883355766,0,85.91296545536116,4.262000897263347,20.861372812920592,111.0363391655451,44.63885150291611,64.82727680574249,114.17676087931808,85.01570210856887,178.55540601166445,170.48003589053388,13.234634365186183,62.58411843876178,0,126.28981606101391,4.93494840735756,21.085688649618664,17.048003589053387,1.1215791834903546,52.93853746074473,45.31179901301032,12.56168685509197,162.85329744279946,244.95289367429342,132.12202781516376
gallic_3,70.55134570159395,77.34517899137707,59.57669192579044,20.12019858897309,70.29004442121767,65.32532009406847,286.1249020120199,6.009929448654299,61.144499608048086,35.27567285079697,209.30232558139537,124.64071073948264,93.28455709432977,11.49725633655605,36.582179252678344,0,78.12908283250589,319.31016461980664,342.30467729291877,1.3065064018813692,0.7839038411288216,144.49960804807944,0,74.73216618761433,5.748628168278025,34.230467729291874,114.71126208518423,38.93389077606481,75.77737130911942,112.09824928142149,97.20407629997388,180.8204860203815,146.59001829108965,17.245884504834077,70.29004442121767,0,142.40919780506925,4.964724327149203,21.68800627123073,15.939378102952706,2.3517115233864647,45.20512150509538,42.59210870133264,12.542461458061146,189.18212699242227,231.25163313300237,126.46981970211655
gallic_4,63.754916166425176,85.90353963982612,51.542123783895676,24.21858828399917,62.92693024218588,65.41088801490375,266.61146760505073,7.658869799213414,74.10474021941627,35.81039122334921,219.4162699234113,126.88884288967088,104.94721589732976,11.798799420409853,38.50134547712689,0.206996481059822,95.83937073069758,325.6054647071,329.3314013661768,1.03498240529911,1.448975367418754,171.18608983647277,0.206996481059822,89.4224798178431,5.795901469675016,39.12233492030636,134.5477126888843,41.19229973090457,67.89484578762162,125.43986752225213,93.97640240115918,170.15110743117367,159.80128337818257,14.903746636307183,61.27095839370731,0,128.54481473814946,2.897950734837508,27.11653901883668,14.48975367418754,0.620989443179466,52.57710618919479,50.30014489753675,9.935831090871456,158.76630097288347,241.56489339681227,119.4369695715173
gallic_5,69.3815987933635,90.3720462543992,46.128707893413775,18.97938662644545,64.22825540472599,64.85671191553544,282.17697335344394,6.6616390145801905,61.463046757164406,32.42835595776772,213.80090497737555,139.39165409753645,83.96178984414279,9.42684766214178,35.570638511814984,0.5027652086475616,92.76018099547511,255.5304172951232,401.20663650075414,3.14228255404726,1.7596782302664655,159.50226244343892,0.5027652086475616,64.47963800904978,5.153343388637506,58.69783810960281,128.95927601809956,39.969834087481146,63.85118149824032,127.82805429864253,85.97285067873302,178.35595776772246,154.97737556561086,17.471091000502764,65.61085972850678,0,123.80593262946203,4.776269482151835,23.755656108597286,13.826043237807944,1.7596782302664655,47.008547008547005,38.46153846153846,13.951734539969834,181.37254901960785,238.93916540975363,106.20915032679738
gallic_6,68.87192536047498,85.15691263782867,44.783715012722645,22.561492790500424,69.38083121289228,67.68447837150127,286.17472434266324,6.106870229007633,60.39016115351993,33.24851569126378,206.27650551314673,146.3952502120441,75.82697201017811,6.615776081424936,28.329092451229855,0.33927056827820185,105.17387616624258,308.39694656488547,357.59117896522474,2.205258693808312,1.6963528413910092,161.66242578456317,0.33927056827820185,47.158608990670054,3.9016115351993212,82.44274809160305,133.84223918575063,35.62340966921119,59.37234944868532,122.81594571670907,83.46055979643765,165.2247667514843,159.28753180661576,13.740458015267174,74.30025445292621,0.33927056827820185,131.29770992366412,4.580152671755725,28.837998303647158,19.338422391857506,2.205258693808312,37.659033078880405,41.56064461407973,11.874469889737064,177.77777777777777,236.30195080576758,117.38761662425784
gallic_7,67.72100567721004,78.26439578264394,43.87672343876723,14.67964314679643,55.87996755879967,63.50364963503649,300.81103000811027,8.110300081103,56.52879156528791,35.60421735604217,222.54663422546633,137.71289537712894,89.69991889699918,9.81346309813463,36.4963503649635,0.64882400648824,93.10624493106245,289.0510948905109,392.29521492295214,4.13625304136253,2.27088402270884,151.41930251419302,0.64882400648824,69.01865369018653,4.13625304136253,56.36658556366585,130.2514193025142,35.523114355231144,71.45174371451743,125.62854825628547,96.91808596918085,193.8361719383617,158.06974858069748,16.95052716950527,63.82806163828061,0,127.41281427412814,4.54176804541768,24.41200324412003,10.62449310624493,2.10867802108678,39.49716139497161,40.957015409570154,13.7875101378751,174.6147607461476,250.68937550689373,124.57420924574208
gallic_8,74.44959443800695,71.98725376593279,62.57242178447277,18.10544611819235,50.984936268829664,59.09617612977984,296.92931633835457,9.269988412514484,54.606025492468135,38.238702201622246,221.17612977983777,136.73232908458866,89.80301274623407,12.746234067207416,43.308227114716104,0.14484356894553882,78.65005793742758,274.76825028968716,405.1274623406721,2.7520278099652375,2.0278099652375436,141.51216685979142,0.28968713789107764,76.04287369640788,5.504055619930475,40.26651216685979,122.24797219003476,36.79026651216686,80.2433371958285,122.97219003476246,98.20393974507532,182.93742757821553,158.31402085747393,14.194669756662805,80.67786790266513,0,129.20046349942064,2.46234067207416,19.409038238702202,16.22247972190035,0.43453070683661643,37.07995365005794,50.984936268829664,10.718424101969873,175.11587485515642,247.97219003476246,132.96639629200465
civil_1,68.89282401551564,81.87874188380134,46.715574669027745,16.61185597436546,66.70039632346742,59.87014082131714,293.953959018467,12.227000590268995,56.15987857323552,29.26047727464373,208.7865755965933,141.7488827051185,75.89172780166962,7.757821064170672,33.055063664727214,0.08432414200185513,94.61168732608145,266.04266801585294,388.73429462855216,0.42162071000927565,0.42162071000927565,157.60182140146725,0.16864828400371026,61.89392022936167,4.553503668100177,61.13500295134497,127.75107513281053,37.10262248081626,60.544733957331985,116.11434353655451,92.6722320600388,162.49262163757484,159.3726283835062,13.1545661522894,70.15768614554347,0.16864828400371026,133.82241335694408,4.469179526098322,23.442111476515727,12.564297158276414,0.5059448520111308,40.644236444894176,36.596677628805125,11.383759170250443,164.51640104561938,233.91516991314614,128.42566826882538
civil_2,69.86836395197453,78.54766382178504,49.03804426442933,18.515839722262402,64.2268190365977,68.42181397367278,295.2408505713872,11.283089830753651,56.12613915810791,29.220309561695355,204.10820193837696,133.51656299725155,82.16403876753941,6.943439895848401,30.52220454216693,0.5786199913207001,97.78677853319832,269.2029509619557,401.2729639809055,4.628959930565601,4.628959930565601,147.54809778677853,0.28930999566035004,68.71112396933313,3.6163749457543757,56.270794155938084,129.03225806451613,31.96875452046868,61.62302907565456,119.91899320121509,84.18920873716186,168.81238246781425,148.8499927672501,14.610154780847678,67.55388398669173,0.28930999566035004,152.61102271083465,4.484304932735426,24.15738463763923,14.754809778677853,1.3018949804715751,42.38391436424128,39.346159409807605,12.151019817734701,191.95718212064224,217.41646173875304,130.1894980471575
civil_3,68.4161778326644,78.54276011114541,45.56962025316456,21.920345785736338,72.182772460636,64.0938561284347,301.4510651435628,9.323865390552639,54.09076875578882,30.93547391170114,206.23649274467428,114.54152516208705,105.09416486569928,8.521148502624266,34.64032108675517,0.5557270762581044,89.78079654214264,251.065143562828,424.1432540907687,3.0873726458783572,1.7906761346094473,149.86106823093547,0.7409694350108058,95.46156221055881,7.039209632602655,21.735103426983635,125.10033961099104,32.293917875887615,70.76258104353195,118.80209941339919,87.43439333127509,178.07965421426366,160.91386230318,15.128125964803951,66.50200679221982,0.06174745291756715,137.51157764742203,5.125038592158074,25.192960790367398,14.201914171040444,0.4939796233405372,40.629824019759184,40.13584439641865,10.867551713491817,173.63383760419882,250.63291139240505,124.85334979932077
alexandrine_1,76.87379884689302,75.59256886611148,55.41319666880205,26.58552210121717,77.83472133247919,75.27226137091608,272.5816784112748,8.327994875080078,51.569506726457405,28.18705957719411,202.75464445868036,132.92761050608584,83.27994875080077,13.132607303010891,32.99167200512492,0.3203074951953876,93.85009609224856,281.5502882767457,384.3689942344651,3.2030749519538757,1.9218449711723256,148.30237027546445,1.2812299807815504,84.56117873158233,3.5233824471492636,37.79628443305574,127.48238308776426,31.390134529147986,70.46764894298526,108.90454836643178,93.85009609224856,170.0832799487508,145.73991031390136,18.57783472133248,61.49903907751442,0.3203074951953876,151.50544522741833,6.406149903907751,26.58552210121717,17.29660474055093,1.6015374759769379,39.71812940422806,35.87443946188341,12.812299807815503,201.7937219730942,208.52017937219733,126.20115310698272
alexandrine_2,81.62001486252167,67.99603666088679,62.051027991082485,21.55065642804062,60.93633886549418,50.9041367351994,294.64949219717613,8.917513004706464,67.25291057716126,35.546197671538266,205.1027991082487,126.45528858062917,91.77607134010404,8.422095615556106,39.881099826603915,0.49541738915035916,84.34481050284865,205.35050780282387,471.5135001238543,1.3623978201634876,1.238543472875898,158.65741887540253,0.49541738915035916,84.71637354471142,7.183552142680208,32.32598464206094,124.72132771860292,31.582858558335396,70.349269259351,117.04235818677235,88.06044092147634,168.5657666584097,169.18503839484765,22.789199900916522,68.61530839732474,0,135.868218974486,2.353232598464206,17.71117166212534,14.862521674510775,0.9908347783007183,48.5509041367352,45.20683675997027,8.050532573693337,193.33663611592766,234.70398810998265,123.7304929403022
african_1,68.83255980007141,90.39628704034274,63.33452338450554,17.065333809353803,72.97393787932882,48.05426633345234,300.53552302749023,12.85255265976437,60.406997500892544,27.99000357015352,198.85755087468763,110.10353445198145,98.5362370581935,7.283113173866477,27.275972866833275,0.28561228132809713,78.11495894323457,233.91645840771156,410.4962513388076,3.070332024277044,4.355587290253482,135.09460906818995,0.7140307033202429,67.40449839343093,5.855051767225991,31.70296322741878,105.89075330239201,35.130310603355944,74.9732238486255,112.17422349161015,86.68332738307748,187.50446269189575,162.79900035701536,15.708675473045343,60.19278828989647,0,124.16993930739022,1.5708675473045342,14.209210996072832,12.99535880042842,0.8568368439842914,51.55301677972153,34.48768297036773,5.783648696893967,157.3723670117815,260.4784005712246,118.74330596215638
spanish_1,61.268143621084796,88.61726508785331,57.601222307104656,33.61344537815126,42.16959511077158,55.15660809778456,285.7142857142857,11.306340718105423,65.85179526355996,35.29411764705882,201.37509549274253,121.00840336134453,107.71581359816653,6.264323911382735,38.50267379679144,0.15278838808250572,93.65928189457601,241.71122994652404,417.2650878533231,5.194805194805195,2.5974025974025974,159.51107715813598,0.7639419404125286,83.72803666921314,9.62566844919786,38.19709702062643,132.31474407944995,33.30786860198625,69.36592818945759,121.31398013750955,80.061115355233,165.4698242933537,150.1909854851031,11.76470588235294,49.35064935064935,0.30557677616501144,160.122230710466,3.2085561497326203,19.862490450725744,11.76470588235294,0.7639419404125286,53.01757066462949,51.336898395721924,3.6669213139801373,139.19022154316272,254.69824293353705,130.6340718105424
amicitia_1,71.1490215755143,65.12794781736076,99.64877069744104,46.462619167084796,66.13146011038634,74.25990968389362,195.0827897641746,4.515805318615152,85.39889613647766,59.4079277471149,179.62870045158053,165.67987957852483,48.369292523833415,12.042147516307073,37.53135975915705,1.0035122930255895,103.26141495233315,176.41746111389864,422.0772704465629,25.489212242849973,17.360762669342698,136.6783743100853,6.322127446061214,30.60712493728048,2.007024586051179,102.75965880582037,142.09734069242347,39.839438033115904,44.15454089312594,115.80531861515303,63.823381836427494,103.56246864024084,118.11339688911188,15.554440541896637,52.182639237330655,0,175.81535373808327,7.325639739086803,33.61766181635725,27.496236828901154,5.3186151530356245,45.35875564475665,67.83743100852985,6.72353236327145,169.1921726041144,173.3065730055193,102.96036126442549
senectute_1,73.07125863826894,54.378611079642006,99.01438767418149,40.330803217401154,64.12144556474453,60.04304973377138,226.6908349382576,5.891016200294551,86.43933386201428,51.09323666024697,183.86767871303954,162.11623428118273,54.26532230655942,7.816925342698538,27.415883085986177,1.8126203693214002,108.75722215928401,171.17933612778972,453.0418035572675,32.06072278237227,21.86473320493939,123.3714738869378,4.871417242551263,36.252407386428004,4.191684604055738,92.67021638155659,138.09901438767417,35.57267474793248,50.52679279483403,124.50436161776368,59.36331709527586,109.66353234394471,125.75053812167214,23.677353574260792,55.73807635663306,0.33986631924776256,176.9570635550017,5.891016200294551,26.622861674408068,20.05211283561799,4.418262150220913,50.97994788716438,60.722782372266906,7.137192704203014,145.68936218420754,213.54933726067748,111.02299762093577
philippics_1,70.76999750809868,60.30401196112634,87.96411662098181,35.634188886120114,47.59531522551707,70.52080737602792,210.31647146772988,1.99352105656616,101.91876401694493,51.83154747072016,199.60129578868677,153.50112135559434,74.757039621231,6.977323697981561,27.161724395713932,3.23947171692001,111.88636929977574,177.672564166459,468.7266384251184,34.886618489907804,39.62123099925243,113.38151009220036,9.9676052828308,46.84774482930476,2.99028158484924,82.73112384749564,142.53675554448046,35.38499875404934,57.3137303762771,120.35883379018192,79.24246199850487,114.37827062048343,134.06429105407426,26.164963867430853,65.03862447047098,0,168.70171941191128,3.98704211313232,34.63742835783703,20.68278096187391,8.721654622476951,60.05482182905557,65.03862447047098,5.2329927734861705,160.9768253177174,209.5689010715176,111.88636929977574
philippics_2,61.87898860974231,60.50569512884724,81.67057112852412,39.744728976492446,40.31020276274336,74.88488569351321,220.2924307294612,4.443008320542855,103.23935697552307,53.47766378544309,189.5952823329833,145.0844171580903,79.08554810566281,5.170046045722595,25.60788432021973,4.604572259471686,114.71039663947008,143.54955973826642,500.20195492366105,36.917360045237906,63.090718151708536,100.89667986105502,5.7355198319735035,54.93173923580257,4.362226351078439,79.81258583084255,145.24598109701915,36.351886258986994,47.742143953469586,136.60231036432668,52.9929719686566,106.63219969302851,144.438161402375,21.649567816463364,57.43598028919945,0,172.79263268438484,4.766136198400517,37.56361580095323,17.287341465384927,9.209144518943372,74.31941190726229,55.012521205266985,6.624121496082075,141.61079247112045,211.24485014944665,106.0667259067776
philippics_3,92.83427727160797,51.465156365427234,76.08963309529672,29.795616843142085,58.60625461708939,61.06870229007634,261.7581876385127,7.3873430189608476,70.42600344742674,45.55528195025856,189.36222605269637,131.98719527210048,77.3208569317902,9.849790691947796,29.54937207584339,1.9699581383895592,96.2817040137897,160.79783304604777,499.87687761635067,24.870721497168187,15.759665107116474,117.45875400147747,5.171140113272593,48.75646392514159,5.663629647869983,68.20980054173849,127.80103422802266,34.47426742181729,56.882541245998524,126.56981039152919,62.7924156611672,125.09234178773701,144.79192317163262,18.714602314700812,80.27579413937454,0.9849790691947796,167.93893129770993,3.9399162767791185,32.99679881802512,17.975868012804728,8.372322088155627,41.12287613888205,47.52524008864812,6.156119182467372,158.58163014035952,253.63211031765576,111.0563900517114
philippics_4,78.80434782608695,48.233695652173914,78.80434782608695,38.04347826086956,52.98913043478261,81.52173913043478,250,2.0380434782608696,76.08695652173913,46.875,186.82065217391306,149.45652173913044,65.21739130434783,10.190217391304348,27.17391304347826,4.755434782608695,118.88586956521739,192.93478260869566,482.3369565217391,26.494565217391305,23.097826086956523,134.5108695652174,6.114130434782609,42.798913043478265,2.0380434782608696,99.86413043478261,150.81521739130434,27.17391304347826,46.875,126.35869565217392,60.46195652173913,117.52717391304348,146.05978260869566,19.70108695652174,75.40760869565217,0,169.83695652173913,4.076086956521739,29.211956521739133,17.66304347826087,5.434782608695652,62.5,48.913043478260875,8.831521739130435,164.40217391304347,236.41304347826087,113.45108695652175
philippics_5,83.2286995515695,54.529147982062774,65.82959641255606,33.54260089686098,50.22421524663677,65.82959641255606,271.5695067264574,5.739910313901345,67.26457399103138,47.892376681614344,192.8251121076233,139.37219730941703,74.61883408071749,12.376681614349776,37.66816143497758,1.4349775784753362,94.34977578475336,182.42152466367713,486.99551569506724,20.089686098654706,16.8609865470852,123.40807174887891,7.713004484304932,51.83856502242152,5.560538116591928,68.34080717488789,133.45291479820628,35.336322869955154,57.57847533632287,123.76681614349775,69.05829596412556,108.5201793721973,153.7219730941704,27.623318385650222,80.53811659192824,0,170.22421524663676,3.9461883408071747,34.43946188340807,15.06726457399103,7.174887892376681,39.46188340807175,50.582959641255606,6.457399103139013,169.50672645739908,248.25112107623318,111.74887892376681
philippics_6,63.362289218191115,58.25242718446603,91.97751660705163,39.8569238630557,34.2360756259581,79.2028615227389,227.3888605007665,11.752682677567707,67.96116504854369,57.23045477772101,197.751660705161,147.1640265712826,80.73582013285642,9.708737864077671,35.769034236075626,4.087889626980072,113.438937148697,158.4057230454778,477.7721001532959,28.615227388860504,27.593254982115486,122.63668880940216,12.774655084312725,52.631578947368425,2.554931016862545,85.334695963209,153.2958610117527,31.17015840572305,53.142565150740936,134.38937148696988,63.362289218191115,117.52682677567707,133.87838528359737,29.126213592233015,43.94481349003577,0,161.98262646908535,2.554931016862545,34.2360756259581,19.92846193152785,8.175779253960144,49.565661727133374,53.653551354113446,6.642820643842617,146.14205416453757,232.4987225344916,92.99948901379663
philippics_7,72.57383966244726,52.320675105485236,81.85654008438819,42.19409282700422,45.14767932489452,75.10548523206751,257.8059071729958,3.79746835443038,74.68354430379748,45.9915611814346,184.81012658227849,141.7721518987342,74.68354430379748,10.548523206751055,22.362869198312236,2.5316455696202533,119.40928270042194,194.0928270042194,478.9029535864979,32.48945147679325,31.645569620253166,108.43881856540085,12.658227848101266,40.08438818565401,2.5316455696202533,89.02953586497891,144.30379746835445,30.37974683544304,52.320675105485236,121.51898734177216,63.29113924050633,112.23628691983123,154.0084388185654,21.09704641350211,60.75949367088608,1.2658227848101267,184.38818565400845,4.641350210970464,40.92827004219409,11.814345991561181,9.70464135021097,45.56962025316456,53.164556962025316,6.751054852320675,170.46413502109706,252.74261603375527,92.82700421940929
philippics_8,80.31882280809319,54.5677498467198,80.31882280809319,40.772532188841204,42.61189454322501,65.60392397302269,235.74494175352544,9.196811771919068,85.83690987124463,48.74310239117106,188.2280809319436,160.94420600858368,61.00551808706315,7.050889025137952,36.48068669527897,2.7590435315757205,115.87982832618026,182.70999386879214,467.81115879828326,34.33476394849785,36.48068669527897,128.44880441446963,5.211526670754139,48.436541998773755,1.5328019619865114,99.93868792152054,155.11955855303495,34.02820355610055,39.85285101164929,129.67504598405887,58.55303494788473,102.39117106069895,136.1128142244022,24.218270999386878,52.11526670754139,0.30656039239730226,186.08215818516248,4.904966278356836,27.590435315757205,15.02145922746781,7.050889025137952,59.77927651747394,51.50214592274678,9.809932556713672,131.82096873083998,237.89086450030655,101.77805027590435
philippics_9,65.72237960339943,56.657223796033996,77.05382436260624,35.12747875354108,50.42492917847026,71.95467422096317,270.25495750708217,11.3314447592068,66.85552407932012,52.124645892351275,188.6685552407932,128.04532577903683,79.88668555240794,15.864022662889518,36.26062322946176,1.13314447592068,94.05099150141643,124.6458923512748,532.5779036827196,12.464589235127479,21.52974504249292,130.31161473087818,7.932011331444759,53.8243626062323,7.36543909348442,62.3229461756374,131.44475920679886,30.02832861189802,62.3229461756374,115.58073654390935,73.08781869688386,114.44759206798867,121.81303116147309,26.062322946175637,88.38526912181304,0,181.3031161473088,4.53257790368272,27.762039660056658,20.39660056657224,1.6997167138810199,51.55807365439094,56.09065155807365,3.9660056657223794,190.93484419263456,244.75920679886687,83.28611898016997
philippics_10,82.06171583587657,62.733129874533745,67.480501865039,32.55340793489319,54.25567989148864,69.85418786029163,246.8633435062733,6.1037639877924725,87.48728382502543,45.77822990844354,188.53848762292304,141.40386571719228,67.1414038657172,12.546625974906748,34.248897931502206,1.356391997287216,102.40759579518482,159.7151576805697,508.646998982706,19.667683960664633,29.50152594099695,127.83994574432012,3.730077992539844,46.79552390640895,3.0518819938962363,84.4354018311292,138.01288572397422,31.19701593760597,51.88199389623601,123.77076975245846,64.76771787046457,103.76398779247202,147.16853170566293,25.093251949813496,80.36622583926756,0,177.3482536453035,6.1037639877924725,28.48423194303154,11.190233977619533,6.1037639877924725,54.93387589013225,60.69854187860292,11.190233977619533,181.07833163784335,224.82197355035606,112.58053577483894
philippics_11,74.07407407407408,55.892255892255896,76.31874298540966,35.01683501683502,49.831649831649834,57.01459034792368,258.81032547699215,8.080808080808081,83.72615039281706,53.647586980920316,183.83838383838383,131.53759820426487,75.42087542087542,11.896745230078563,29.405162738496074,2.4691358024691357,102.80583613916947,165.88103254769922,488.8888888888889,25.589225589225588,19.977553310886645,127.04826038159372,6.0606060606060606,44.44444444444444,2.4691358024691357,81.70594837261504,134.68013468013467,29.62962962962963,54.54545454545455,118.0695847362514,65.76879910213243,107.51964085297419,147.9236812570146,27.384960718294053,64.19753086419753,0.2244668911335578,178.00224466891135,8.978675645342312,26.487093153759822,10.549943883277217,8.978675645342312,49.382716049382715,58.58585858585859,5.3872053872053876,147.4747474747475,238.60830527497194,121.43658810325478
philippics_12,62.88209606986899,57.05967976710334,86.75400291120815,37.845705967976706,44.832605531295485,71.90684133915575,226.78311499272195,4.9490538573508,78.89374090247452,55.021834061135365,200.58224163027654,162.15429403202327,65.79330422125182,10.480349344978166,21.542940320232894,4.9490538573508,123.14410480349343,188.35516739446868,450.36390101892283,49.490538573508005,29.40320232896652,111.49927219796214,14.8471615720524,38.42794759825327,1.455604075691412,94.90538573508005,150.2183406113537,33.47889374090247,54.73071324599709,135.95342066957787,64.62882096069869,101.01892285298398,147.88937409024743,22.416302765647742,58.22416302765647,0,162.15429403202327,6.986899563318777,35.22561863173217,13.973799126637553,10.480349344978166,59.679767103347885,44.832605531295485,6.695778748180494,151.38282387190682,213.1004366812227,100.43668122270742
philippics_13,78.16571130797291,51.06826472120897,70.87024491922877,29.008163974292167,54.54229633489665,66.52770540211917,250.82508250825083,5.037345839847143,77.1235018238666,51.06826472120897,199.75681778704188,157.89473684210526,64.44328643390655,6.426958485322217,25.01302761855133,6.600660066006601,111.69011638005907,173.70158068438423,486.885530658329,27.44484974813271,48.98384575299635,106.47906895952754,9.379885356956748,34.91401771756123,3.8214347750564532,94.84106305367379,143.303804064617,34.74031613687685,50.720861559840195,141.74048983845753,58.01632794858433,105.08945631405247,160.50026055237103,24.14451971512941,63.05367378843148,0.17370158068438424,168.83793642522147,5.211047420531527,34.91401771756123,13.722424874066355,6.9480632273753695,52.631578947368425,46.20462046204621,6.426958485322217,136.35574083724163,253.77800937988536,108.042383185687
philippics_14,83.35633452939553,60.171128898702726,70.9356886558101,28.70549268561965,52.442727021805126,83.08032017664918,271.87413745514766,8.832459287882969,73.14380347778084,42.50621032293679,174.717085288435,117.58211426994202,76.7319900634833,9.108473640629311,26.77339221639525,2.2081148219707423,93.01683687551751,233.50814242340599,453.21556720949485,25.945349158156223,18.768975986751308,111.50979850952248,6.900358818658569,44.99033949765387,5.796301407673198,63.759315484405185,121.99834391388352,26.221363510902563,55.20287054926855,109.85371239304443,64.86337289539055,145.1835495445763,146.28760695556167,23.461219983439136,83.63234888214187,0,168.92078388076177,6.072315760419541,38.918023737234336,18.492961634004967,5.244272702180513,52.442727021805126,52.71874137455147,6.072315760419541,188.5178029257521,248.68893182445484,114.26994203698591
brutus_1,71.70809884089299,63.62043904438895,100.48078714919309,39.73016287130557,74.3170213558943,73.42253363646527,219.7085460847527,9.80209459207633,69.88185308039208,44.128060825164916,176.7731355521598,130.2970444634937,72.86347881182215,13.342775148149528,27.319145764227944,1.4535425440721552,99.95900264619283,141.58995192128506,474.33938354888,25.082926465655397,23.74119488651187,113.5626700458425,3.5779508777160745,54.37739927695576,4.882412135216726,65.78211769967574,128.9180425627073,28.58633670008572,58.99891916067235,113.33904811598524,63.43408743617457,121.20308598263202,111.66188364205583,16.398941522865343,58.25351272781484,0.07454064328575155,182.9600089448772,6.298684357646006,39.09656740337669,21.76586783943945,3.1307070180015653,42.52543699452126,52.066639335097456,6.0005217845029994,139.31646230106966,228.019827811114,104.50598188662367
deiotaro_1,57.28667305848514,71.66826462128476,86.04985618408438,35.234899328859065,55.60882070949185,78.37967401725791,229.86577181208054,3.5953978906999042,95.63758389261746,42.42569511025887,191.99424736337488,138.54266538830296,83.41323106423778,5.273250239693193,27.085330776605947,2.6366251198465966,102.82837967401726,135.1869606903164,498.0824544582934,21.812080536912752,45.54170661553212,118.88782358581017,3.8350910834132312,55.60882070949185,6.9511025886864815,65.91562799616491,132.5503355704698,44.10354745925216,50.575263662511986,137.34419942473633,54.650047938638544,116.73058485139022,158.91658676893576,23.250239693192714,60.16299137104507,0,145.7334611697028,4.554170661553212,37.63183125599233,17.737296260786195,6.9511025886864815,72.62703739213806,54.41035474592522,8.389261744966444,136.8648130393097,229.62607861936723,104.26653883029722
ligario_1,49.022385945026926,70.27486540096345,81.04278832530463,43.63842448285634,42.78832530461887,98.61150467554549,195.23944460187025,6.800793425899689,98.32813828279967,64.0408047605554,185.60498724851234,152.16775290450553,72.54179654293002,4.533862283933126,30.6035704165486,7.36752621139133,107.96259563615756,122.13091527344858,500.42504958911877,34.57069991499009,62.05724001133466,104.56219892320772,7.084159818645509,52.13941626523095,3.9671294984414853,82.74298668177956,146.2170586568433,38.537829413431574,44.4885236610938,136.29923491073959,49.305752337772745,109.9461603853783,134.8824029470105,22.66931141966563,49.87248512326438,0.5667327854916407,159.8186455086427,9.351090960612073,43.921790875602156,23.802776990648912,7.36752621139133,78.49249079059224,60.073675262113916,7.65089260413715,144.8002266931142,205.15726834797394,90.3938792859167
marcello_1,66.80299931833675,52.14723926380368,105.31697341513292,45.671438309475114,74.30129516019086,105.6578050443081,217.1097477845944,4.430811179277437,78.39127471029312,44.648943421949554,162.23585548738922,137.35514655760053,61.00886162235855,9.543285616905248,21.47239263803681,2.044989775051125,102.59032038173142,179.95910020449898,457.7368779822767,35.78732106339468,38.51397409679618,87.93456032719835,12.610770279481935,28.97068847989093,1.3633265167007498,83.16291751874574,126.10770279481936,29.652351738241308,52.14723926380368,104.29447852760735,57.94137695978186,134.96932515337423,116.56441717791411,27.266530334014995,68.16632583503748,0,164.62167689161552,7.157464212678937,41.24062713019768,27.94819359236537,3.4083162917518743,63.73551465576005,55.214723926380366,15.678254942058622,200.7498295841854,177.57327880027265,109.40695296523516
catilinae_sallusti,88.4568225608688,66.29882641443335,60.956384655806616,28.989315116482747,62.09493781748117,64.8975302154493,287.61604484147836,6.480994920301279,59.29234541951305,33.71868978805395,186.98546155193554,140.0420388859695,69.62690488702049,6.305832895428271,20.056051847959363,1.488877211420564,97.6528288667017,232.5275880189175,433.08810649851114,13.662637940094587,12.78682781572955,125.85391487125591,3.2404974601506393,57.27798213347346,3.7659835347696617,54.82571378525136,119.37291995095462,42.739534069013835,53.86232264844981,117.09581362760554,69.88964792433,132.68523384130322,155.45629707479418,20.581537922578384,56.57733403398143,0,185.84690839026098,11.122788579435978,22.07041513399895,15.32667717638816,2.7150113855316165,43.08985811875985,30.127868278157294,9.108425293396392,176.9136451217376,229.81257663338587,131.28393764231913
iugurthine_1,73.82314122305323,65.6841179058513,69.64364276286845,25.560932688077433,70.78750549934009,67.53189617245931,282.66608007039156,4.135503739551254,53.18961724593049,36.911570611526614,197.8002639683238,143.64276286845578,74.48306203255609,5.2353717553893535,19.665640123185216,1.3198416190057194,89.88121425428949,216.27804663440386,426.3528376594809,10.514738231412231,10.162780466344039,119.79762428508579,1.4958205015398152,50.6379234491861,3.959524857017158,54.6854377474703,111.04267487901451,49.49406071271447,62.82446106467224,120.23757149142104,77.56269247690277,136.77958644962604,153.9375274967004,17.861856577210734,57.9850417949846,0,171.53541575011,10.60272767267928,19.621645402551692,15.442146942366916,1.5398152221733392,43.070831500219974,29.344478662560494,10.866695996480422,150.72591289045315,249.09810822701277,125.07699076110866
